Vol,Page,Source,Ref
1,38,HT,1
1,40,HT,2
1,42,HT,3
1,44,HT,4
1,46,HT,5
1,48,HT,6
1,50,HT,7
1,52,HT,8
1,54,HT,9
1,56,HT,10
1,58,HT,11
1,60,HT,12
1,62,HT,13
1,64,HT,14
1,66,HT,15
1,68,HT,16
1,70,HT,17
1,70,HT,18
1,72,HT,19
1,72,HT,20
1,74,HT,21
1,74,HT,22
1,76,HT,23
1,78,HT,24
1,80,HT,25
1,82,HT,26
1,84,HT,27
1,86,HT,27
1,88,HT,28
1,90,HT,29
1,92,HT,30
1,94,HT,31
1,96,HT,32
1,98,HT,33
1,100,HT,34
1,102,HT,35
1,104,HT,36
1,106,HT,37
1,108,HT,38
1,110,HT,39
1,112,HT,40
1,114,HT,41
1,116,HT,42
1,118,HT,43
1,120,HT,44
1,122,HT,45
1,124,HT,46
1,126,HT,47
1,128,HT,49
1,130,HT,49
1,132,HT,50
1,134,HT,51
1,136,HT,52
1,138,HT,53
1,140,HT,54
1,142,HT,55
1,144,HT,56
1,146,HT,57
1,148,HT,58
1,150,HT,60
1,150,HT,61
1,152,HT,62
1,154,HT,63
1,154,HT,64
1,156,HT,65
1,156,HT,66
1,156,HT,67
1,158,HT,68
1,158,HT,69
1,158,HT,70
1,160,HT,72
1,160,HT,74
1,160,HT,75
1,162,HT,78
1,162,HT,79
1,162,HT,80
1,164,HT,81
1,164,HT,82
1,164,HT,84
1,166,HT,85
1,168,HT,85
1,170,HT,86
1,172,HT,87
1,174,HT,88
1,176,HT,89
1,178,HT,90
1,180,HT,91
1,180,HT,92
1,182,HT,93
1,184,HT,93
1,186,HT,94
1,188,HT,94
1,190,HT,95
1,192,HT,96
1,194,HT,97
1,196,HT,98
1,198,HT,99
1,200,HT,100
1,202,HT,101
1,204,HT,102
1,206,HT,103
1,206,HT,104
1,208,HT,105
1,208,HT,106
1,210,HT,107
1,210,HT,108
1,212,HT,109
1,214,HT,110
1,216,HT,111
1,218,HT,112
1,220,HT,113
1,222,HT,114
1,224,HT,115
1,226,HT,115
1,228,HT,116
1,230,HT,116
1,232,HT,117
1,234,HT,117
1,236,HT,118
1,238,HT,119
1,240,HT,120
1,240,HT,121
1,242,HT,122
1,244,HT,122
1,246,HT,123
1,248,HT,123
1,250,HT,125
1,252,HT,126
1,254,HT,127
1,256,HT,128
1,258,HT,129
1,260,HT,130
1,262,HT,131
1,264,HT,132
1,264,HT,133
1,266,HT,135
1,268,HT,136
1,270,HT,137
1,270,HT,139
1,272,HT,140
1,274,HT,141
1,274,HT,142
1,274,HT,144
1,276,HT,146
1,276,HT,147
1,278,HT,154
1,280,HT,154
1,282,HT,154
1,280,HT,154
1,284,HT,154
1,286,HT,154
1,290,KE,1
1,292,KN,1
1,294,KN,2
1,296,KN,22
1,298,KN,28
1,300,KN,32
1,304,MA,1
1,306,MA,2
1,308,MA,4
1,310,MA,6
1,312,MA,6
1,314,MA,9
1,316,PK,1
1,320,PA,1
1,322,PH,1
1,324,PH,2
1,326,PH,3
1,328,PH,6
1,330,PH,7
1,332,PH,8
1,334,PH,9
1,335,PH,10
1,335,PH,11
1,336,PH,12
1,338,PH,13
1,340,PH,14
1,340,PH,15
1,342,PH,16
1,342,PH,17
1,344,PH,18
1,344,PH,19
1,346,PH,22
1,346,PH,24
1,346,PH,25
1,348,PH,26
1,348,PH,27
1,350,PH,28
2,64,GO,1
2,66,WA,1001
2,66,WA,1002
2,66,WA,1003
2,66,WA,1004
2,68,WA,1005
2,67,WA,1006
2,67,WA,1007
2,67,WA,1008
2,67,WA,1009
2,67,WA,1010
2,67,WA,1011
2,67,WA,1012
2,67,WA,1013
2,68,WA,1014
2,68,WA,1015
2,68,WA,1016
2,68,WA,1017
2,68,WA,1018
2,69,WA,1019
2,69,WA,1020
2,69,WA,1021
2,70,WA,1022
2,70,WA,1023
2,70,WA,1024
2,71,WA,1025
2,71,WA,1026
2,71,WA,1027
2,71,WA,1028
2,71,WA,1029
2,71,WA,1030
2,72,WA,1031
2,72,WA,1032
2,72,WA,1033
2,72,WA,1034
2,72,WA,1035
2,72,WA,1036
2,72,WA,1037
2,72,WA,1038
2,72,WA,1039
2,72,WA,1040
2,72,WA,1041
2,72,WA,1042
2,72,WA,1043
2,73,WA,1044
2,73,WA,1045
2,73,WA,1046
2,73,WA,1047
2,73,WA,1048
2,73,WA,1049
2,73,WA,1050
2,73,WA,1051
2,73,WA,1052
2,73,WA,1053
2,73,WA,1054
2,73,WA,1055
2,73,WA,1056
2,73,WA,1057
2,73,WA,1058
2,74,WA,1059
2,74,WA,1060
2,74,WA,1061
2,74,WA,1062
2,74,WA,1063
2,74,WA,1064
2,74,WA,1065
2,74,WA,1066
2,74,WA,1067
2,74,WA,1068
2,74,WA,1069
2,74,WA,1070
2,74,WA,1071
2,74,WA,1072
2,74,WA,1073
2,75,WA,1074
2,75,WA,1075
2,75,WA,1076
2,75,WA,1077
2,75,WA,1078
2,75,WA,1079
2,75,WA,1080
2,75,WA,1081
2,75,WA,1082
2,75,WA,1083
2,75,WA,1084
2,75,WA,1085
2,75,WA,1086
2,75,WA,1087
2,75,WA,1088
2,76,WA,1089
2,76,WA,1090
2,76,WA,1091
2,76,WA,1092
2,76,WA,1093
2,76,WA,1094
2,76,WA,1095
2,76,WA,1096
2,76,WA,1097
2,76,WA,1098
2,76,WA,1099
2,76,WA,1100
2,76,WA,1101
2,76,WA,1102
2,76,WA,1103
2,77,WA,1104
2,77,WA,1105
2,77,WA,1106
2,77,WA,1107
2,77,WA,1108
2,77,WA,1109
2,77,WA,1110
2,77,WA,1111
2,77,WA,1112
2,77,WA,1113
2,77,WA,1114
2,77,WA,1115
2,77,WA,1116
2,77,WA,1117
2,77,WA,1118
2,78,WA,1119
2,78,WA,1120
2,78,WA,1121
2,78,WA,1122
2,78,WA,1123
2,78,WA,1124
2,78,WA,1125
2,78,WA,1126
2,78,WA,1127
2,78,WA,1128
2,78,WA,1129
2,78,WA,1130
2,79,WA,1131
2,79,WA,1132
2,79,WA,1133
2,79,WA,1134
2,79,WA,1135
2,79,WA,1136
2,79,WA,1137
2,79,WA,1138
2,79,WA,1139
2,79,WA,1140
2,79,WA,1141
2,79,WA,1142
2,79,WA,1143
2,79,WA,1144
2,79,WA,1145
2,80,WA,1171
2,80,WA,1172
2,80,WA,1173
2,80,WA,1174
2,80,WA,1175
2,80,WA,1176
2,80,WA,1177
2,80,WA,1178
2,80,WA,1179
2,80,WA,1180
2,81,WA,1181
2,81,WA,1182
2,81,WA,1183
2,81,WA,1184
2,81,WA,1185
2,81,WA,1186
2,81,WA,1187
2,81,WA,1188
2,81,WA,1189
2,81,WA,1190
2,81,WA,1191
2,81,WA,1192
2,81,WA,1193
2,81,WA,1194
2,81,WA,1195
2,82,WA,1196
2,82,WA,1197
2,82,WA,1198
2,82,WA,1199
2,82,WA,1200
2,82,WA,1201
2,82,WA,1202
2,82,WA,1203
2,82,WA,1204
2,82,WA,1205
2,82,WA,1206
2,82,WA,1207
2,82,WA,1208
2,82,WA,1209
2,82,WA,1210
2,83,WA,1211
2,83,WA,1212
2,83,WA,1213
2,83,WA,1214
2,83,WA,1215
2,83,WA,1216
2,83,WA,1217
2,83,WA,1218
2,83,WA,1219
2,83,WA,1220
2,83,WA,1221
2,83,WA,1222
2,83,WA,1223
2,83,WA,1224
2,83,WA,1225
2,84,WA,1226
2,84,WA,1227
2,84,WA,1228
2,84,WA,1229
2,84,WA,1230
2,84,WA,1231
2,84,WA,1232
2,84,WA,1233
2,84,WA,1234
2,84,WA,1235
2,84,WA,1236
2,84,WA,1237
2,84,WA,1238
2,84,WA,1239
2,84,WA,1240
2,85,WA,1241
2,85,WA,1242
2,85,WA,1243
2,85,WA,1244
2,85,WA,1245
2,85,WA,1246
2,85,WA,1247
2,85,WA,1248
2,85,WA,1249
2,85,WA,1250
2,85,WA,1251
2,85,WA,1252
2,85,WA,1253
2,85,WA,1254
2,85,WA,1255
2,86,WA,1256
2,86,WA,1257
2,86,WA,1258
2,86,WA,1259
2,86,WA,1260
2,86,WA,1261
2,86,WA,1262
2,86,WA,1263
2,86,WA,1264
2,86,WA,1265
2,86,WA,1266
2,87,WA,1267
2,87,WA,1268
2,87,WA,1269
2,87,WA,1270
2,87,WA,1271
2,87,WA,1272
2,87,WA,1273
2,87,WA,1274
2,87,WA,1275
2,87,WA,1276
2,87,WA,1277
2,87,WA,1278
2,88,WA,1279
2,88,WA,1280
2,88,WA,1281
2,88,WA,1282
2,88,WA,1283
2,88,WA,1284
2,88,WA,1285
2,88,WA,1286
2,88,WA,1287
2,88,WA,1288
2,88,WA,1289
2,88,WA,1290
2,88,WA,1291
2,88,WA,1292
2,88,WA,1293
2,89,WA,1294
2,89,WA,1295
2,89,WA,1296
2,89,WA,1297
2,89,WA,1298
2,89,WA,1299
2,89,WA,1300
2,89,WA,1301
2,89,WA,1302
2,89,WA,1303
2,89,WA,1304
2,89,WA,1305
2,89,WA,1306
2,89,WA,1307
2,89,WA,1308
2,90,WA,1309
2,90,WA,1310
2,90,WA,1311
2,90,WA,1312
2,90,WA,1313
2,90,WA,1314
2,90,WA,1315
2,90,WA,1316
2,90,WA,1317
2,90,WA,1318
2,90,WA,1319
2,90,WA,1320
2,90,WA,1321
2,91,WA,1322
2,91,WA,1323
2,91,WA,1324
2,91,WA,1325
2,91,WA,1326
2,91,WA,1327
2,91,WA,1328
2,91,WA,1329
2,91,WA,1330
2,91,WA,1331
2,91,WA,1332
2,91,WA,1333
2,91,WA,1334
2,91,WA,1335
2,91,WA,1336
2,92,WA,1337
2,92,WA,1338
2,92,WA,1339
2,92,WA,1340
2,92,WA,1341
2,92,WA,1342
2,92,WA,1343
2,92,WA,1344
2,92,WA,1345
2,92,WA,1346
2,92,WA,1347
2,92,WA,1348
2,92,WA,1349
2,92,WA,1350
2,92,WA,1351
2,93,WA,1352
2,93,WA,1353
2,93,WA,1354
2,93,WA,1355
2,93,WA,1356
2,93,WA,1357
2,93,WA,1358
2,93,WA,1359
2,93,WA,1360
2,93,WA,1361
2,93,WA,1362
2,93,WA,1363
2,93,WA,1364
2,93,WA,1365
2,93,WA,1366
2,94,WA,1367
2,94,WA,1368
2,94,WA,1369
2,94,WA,1370
2,94,WA,1371
2,94,WA,1372
2,94,WA,1373
2,94,WA,1374
2,94,WA,1375
2,94,WA,1376
2,94,WA,1377
2,94,WA,1378
2,94,WA,1379
2,94,WA,1380
2,94,WA,1381
2,95,WA,1382
2,95,WA,1383
2,95,WA,1384
2,95,WA,1385
2,95,WA,1386
2,95,WA,1387
2,95,WA,1388
2,95,WA,1389
2,95,WA,1390
2,95,WA,1391
2,95,WA,1392
2,95,WA,1393
2,95,WA,1394
2,95,WA,1395
2,95,WA,1396
2,96,WA,1397
2,96,WA,1398
2,96,WA,1399
2,96,WA,1400
2,96,WA,1401
2,96,WA,1402
2,96,WA,1403
2,96,WA,1404
2,96,WA,1405
2,96,WA,1406
2,96,WA,1407
2,96,WA,1408
2,96,WA,1409
2,96,WA,1410
2,96,WA,1411
2,97,WA,1412
2,97,WA,1413
2,97,WA,1414
2,97,WA,1415
2,97,WA,1416
2,97,WA,1417
2,97,WA,1418
2,97,WA,1419
2,97,WA,1420
2,97,WA,1421
2,97,WA,1422
2,97,WA,1423
2,97,WA,1424
2,97,WA,1425
2,97,WA,1426
2,98,WA,1427
2,98,WA,1428
2,98,WA,1429
2,98,WA,1430
2,98,WA,1431
2,98,WA,1432
2,98,WA,1433
2,98,WA,1434
2,98,WA,1435
2,98,WA,1436
2,98,WA,1437
2,98,WA,1438
2,98,WA,1439
2,98,WA,1440
2,98,WA,1441
2,99,WA,1442
2,99,WA,1443
2,99,WA,1444
2,99,WA,1445
2,99,WA,1446
2,99,WA,1447
2,99,WA,1448
2,99,WA,1449
2,99,WA,1450
2,99,WA,1451
2,99,WA,1452
2,99,WA,1453
2,99,WA,1454
2,99,WA,1455
2,99,WA,1456
2,100,WA,1457
2,100,WA,1458
2,100,WA,1459
2,100,WA,1460
2,100,WA,1461
2,100,WA,1462
2,100,WA,1463
2,100,WA,1464
2,100,WA,1465
2,100,WA,1466
2,100,WA,1467
2,100,WA,1468
2,100,WA,1469
2,100,WA,1470
2,101,WA,1471
2,101,WA,1472
2,101,WA,1473
2,101,WA,1474
2,101,WA,1475
2,101,WA,1476
2,101,WA,1477
2,101,WA,1478
2,101,WA,1479
2,101,WA,1480
2,101,WA,1481
2,101,WA,1482
2,101,WA,1483
2,101,WA,1484
2,101,WA,1485
2,102,WA,1486
2,102,WA,1487
2,102,WA,1488
2,102,WA,1489
2,102,WA,1490
2,102,WA,1491
2,102,WA,1492
2,102,WA,1493
2,102,WA,1494
2,102,WA,1495
2,102,WA,1496
2,102,WA,1497
2,102,WA,1498
2,102,WA,1499
2,102,WA,1500
2,103,WA,1501
2,103,WA,1502
2,103,WA,1503
2,103,WA,1504
2,103,WA,1505
2,103,WA,1506
2,103,WA,1507
2,103,WA,1508
2,103,WA,1509
2,103,WA,1510
2,103,WA,1511
2,103,WA,1512
2,103,WA,1513
2,103,WA,1514
2,103,WA,1515
2,104,WA,1516
2,104,WA,1517
2,104,WA,1518
2,104,WA,1519
2,104,WA,1520
2,104,WA,1521
2,104,WA,1522
2,104,WA,1523
2,104,WA,1524
2,104,WA,1525
2,104,WA,1526
2,104,WA,1527
2,104,WA,1528
2,104,WA,1529
2,104,WA,1530
2,105,WA,1531
2,105,WA,1532
2,105,WA,1533
2,105,WA,1534
2,105,WA,1535
2,105,WA,1536
2,105,WA,1537
2,105,WA,1538
2,105,WA,1539
2,105,WA,1540
2,105,WA,1541
2,105,WA,1542
2,105,WA,1543
2,105,WA,1544
2,105,WA,1545
2,106,WA,1546
2,106,WA,1547
2,106,WA,1548
2,106,WA,1549
2,106,WA,1550
2,106,WA,1551
2,106,WA,1552
2,106,WA,1553
2,106,WA,1554
2,106,WA,1555
2,106,WA,1556
2,106,WA,1557
2,106,WA,1558
2,106,WA,1559
2,106,WA,1560
2,107,WA,1561
2,107,WA,1562
2,107,WA,1563
2,107,WA,1564
2,107,WA,1565
2,107,WA,1566
2,107,WA,1567
2,107,WA,1568
2,107,WA,1569
2,107,WA,1570
2,107,WA,1571
2,107,WA,1572
2,107,WA,1573
2,107,WA,1574
2,107,WA,1575
2,108,WA,1576
2,108,WA,1577
2,108,WA,1578
2,108,WA,1579
2,108,WA,1580
2,108,WA,1581
2,108,WA,1582
2,108,WA,1583
2,108,WA,1584
2,108,WA,1585
2,108,WA,1586
2,108,WA,1587
2,108,WA,1588
2,108,WA,1589
2,108,WA,1590
2,109,WA,1591
2,109,WA,1592
2,109,WA,1593
2,109,WA,1594
2,109,WA,1595
2,109,WA,1596
2,109,WA,1597
2,109,WA,1598
2,109,WA,1599
2,109,WA,1600
2,109,WA,1601
2,109,WA,1602
2,109,WA,1603
2,109,WA,1604
2,109,WA,1605
2,110,WA,1606
2,110,WA,1607
2,110,WA,1608
2,110,WA,1609
2,110,WA,1610
2,110,WA,1611
2,110,WA,1612
2,110,WA,1613
2,110,WA,1614
2,110,WA,1615
2,110,WA,1616
2,110,WA,1617
2,110,WA,1618
2,110,WA,1619
2,110,WA,1620
2,111,WA,1621
2,111,WA,1622
2,111,WA,1623
2,111,WA,1624
2,111,WA,1625
2,111,WA,1626
2,111,WA,1627
2,111,WA,1628
2,111,WA,1629
2,111,WA,1630
2,111,WA,1631
2,111,WA,1632
2,111,WA,1633
2,111,WA,1634
2,112,WA,1635
2,112,WA,1636
2,112,WA,1637
2,112,WA,1638
2,112,WA,1639
2,112,WA,1640
2,112,WA,1641
2,112,WA,1642
2,112,WA,1643
2,112,WA,1644
2,112,WA,1645
2,112,WA,1646
2,112,WA,1647
2,112,WA,1648
2,112,WA,1649
2,113,WA,1650
2,113,WA,1651
2,113,WA,1652
2,113,WA,1653
2,113,WA,1654
2,113,WA,1655
2,113,WA,1656
2,113,WA,1657
2,113,WA,1658
2,113,WA,1659
2,113,WA,1660
2,113,WA,1661
2,113,WA,1662
2,113,WA,1663
2,113,WA,1664
2,114,WA,1665
2,114,WA,1666
2,114,WA,1667
2,114,WA,1668
2,114,WA,1669
2,114,WA,1670
2,114,WA,1671
2,114,WA,1672
2,114,WA,1673
2,114,WA,1674
2,114,WA,1675
2,114,WA,1676
2,114,WA,1677
2,114,WA,1678
2,114,WA,1679
2,115,WA,1680
2,115,WA,1681
2,115,WA,1682
2,115,WA,1683
2,115,WA,1684
2,115,WA,1685
2,115,WA,1686
2,115,WA,1687
2,115,WA,1688
2,115,WA,1689
2,115,WA,1690
2,115,WA,1691
2,115,WA,1692
2,115,WA,1693
2,115,WA,1694
2,116,WA,1695
2,116,WA,1696
2,116,WA,1697
2,116,WA,1698
2,116,WA,1699
2,116,WA,1700
2,116,WA,1701
2,116,WA,1702
2,116,WA,1703
2,116,WA,1704
2,116,WA,1705
2,116,WA,1706
2,116,WA,1707
2,116,WA,1708
2,116,WA,1709
2,117,WA,1710
2,117,WA,1711
2,117,WA,1712
2,117,WA,1713
2,117,WA,1714
2,117,WA,1715
2,117,WA,1716
2,117,WA,1717
2,117,WA,1718
2,117,WA,1719
2,117,WA,1720
2,117,WA,1721
2,117,WA,1722
2,117,WA,1723
2,117,WA,1724
2,118,WA,1725
2,118,WA,1726
2,118,WA,1727
2,118,WA,1728
2,118,WA,1729
2,118,WA,1730
2,118,WA,1731
2,118,WA,1732
2,118,WA,1733
2,118,WA,1734
2,118,WA,1735
2,118,WA,1736
2,118,WA,1737
2,118,WA,1738
2,118,WA,1739
2,119,WA,1740
2,119,WA,1741
2,119,WA,1742
2,119,WA,1743
2,119,WA,1744
2,119,WA,1745
2,119,WA,1746
2,119,WA,1747
2,119,WA,1748
2,119,WA,1749
2,119,WA,1750
2,119,WA,1751
2,119,WA,1752
2,119,WA,1753
2,119,WA,1754
2,120,WA,1755
2,120,WA,1756
2,120,WA,1757
2,120,WA,1758
2,120,WA,1759
2,120,WA,1760
2,120,WA,1761
2,120,WA,1762
2,120,WA,1763
2,120,WA,1764
2,120,WA,1765
2,120,WA,1766
2,120,WA,1767
2,120,WA,1768
2,120,WA,1769
2,121,WA,1770
2,121,WA,1771
2,121,WA,1772
2,121,WA,1773
2,121,WA,1774
2,121,WA,1775
2,121,WA,1776
2,121,WA,1777
2,121,WA,1778
2,121,WA,1779
2,121,WA,1780
2,121,WA,1781
2,121,WA,1782
2,121,WA,1783
2,121,WA,1784
2,122,WA,1785
2,122,WA,1786
2,122,WA,1787
2,122,WA,1788
2,122,WA,1789
2,122,WA,1790
2,122,WA,1791
2,122,WA,1792
2,122,WA,1793
2,122,WA,1794
2,122,WA,1795
2,122,WA,1796
2,122,WA,1797
2,122,WA,1798
2,122,WA,1799
2,123,WA,1800
2,123,WA,1801
2,123,WA,1802
2,123,WA,1803
2,123,WA,1804
2,123,WA,1805
2,123,WA,1806
2,123,WA,1807
2,123,WA,1808
2,123,WA,1809
2,123,WA,1810
2,123,WA,1811
2,123,WA,1812
2,123,WA,1813
2,123,WA,1814
2,124,WA,1815
2,124,WA,1816
2,124,WA,1817
2,124,WA,1818
2,124,WA,1819
2,124,WA,1820
2,124,WA,1821
2,124,WA,1822
2,124,WA,1823
2,124,WA,1824
2,124,WA,1825
2,124,WA,1826
2,124,WA,1827
2,124,WA,1828
2,124,WA,1829
2,125,WA,1830
2,125,WA,1831
2,125,WA,1832
2,125,WA,1833
2,125,WA,1834
2,125,WA,1835
2,125,WA,1836
2,125,WA,1837
2,125,WA,1838
2,125,WA,1839
2,125,WA,1840
2,125,WA,1841
2,125,WA,1842
2,125,WA,1843
2,125,WA,1844
2,126,WA,1845
2,126,WA,1846
2,126,WA,1847
2,126,WA,1848
2,126,WA,1849
2,126,WA,1850
2,126,WA,1851
2,126,WA,1852
2,126,WA,1853
2,126,WA,1854
2,127,WA,1855
2,127,WA,1856
2,127,WA,1857
2,127,WA,1858
2,127,WA,1859
2,127,WA,1860
2,127,WA,1861
2,130,WB,2001
2,130,WB,2002
2,132,WC,3001
2,132,WC,3002
2,132,WC,3003
2,132,WC,3001
2,132,WC,3002
2,132,WC,3003
2,133,WC,3004
2,133,WC,3005
2,133,WC,3006
2,134,WC,3007
2,134,WC,3008
2,134,WC,3009
2,135,WC,3010
2,135,WC,3011
2,135,WC,3012
2,136,WC,3013
2,136,WC,3014
2,136,WC,3015
2,137,WC,3016
2,137,WC,3017
2,137,WC,3018
2,138,WC,3019
2,138,WC,3020
2,138,WC,3021
2,140,KEWC,2
2,142,KNWB,33
2,144,KNWC,3
2,144,KNWC,24
2,144,KNWC,25
2,145,KNWC,26
2,145,KNWC,29
2,145,KNWC,30
2,148,MAWC,5
2,148,MAWC,7
2,150,PHWA,32
2,150,MAWC,32
2,152,PHWB,33
2,154,PHWB,33
2,152,PHWB,34
2,152,PHWB,35
2,152,PHWB,36
2,154,PHWC,37
2,154,PHWC,38
2,154,PHWC,39
2,155,PHWC,40
2,155,PHWC,41
2,155,PHWC,42
2,155,PHWC,43
2,156,PHWC,44
2,156,PHWC,45
2,156,PHWC,46
2,156,PHWC,47
2,158,ZAWC,2
3,46,KH,1
3,46,KH,2
3,46,KH,3
3,48,KH,4
3,48,KH,5
3,50,KH,6
3,52,KH,7
3,54,KH,7
3,56,KH,8
3,58,KH,9
3,60,KH,10
3,62,KH,11
3,64,KH,12
3,66,KH,13
3,68,KH,14
3,70,KH,15
3,70,KH,16
3,72,KH,17
3,72,KH,18
3,74,KH,19
3,76,KH,20
3,78,KH,21
3,78,KH,22
3,80,KH,23
3,80,KH,24
3,80,KH,25
3,82,KH,26
3,82,KH,27
3,82,KH,28
3,84,KH,29
3,84,KH,30
3,86,KH,31
3,86,KH,32
3,86,KH,33
3,88,KH,34
3,88,KH,35
3,88,KH,36
3,90,KH,37
3,90,KH,38
3,90,KH,39
3,92,KH,40
3,92,KH,41
3,92,KH,42
3,94,KH,43
3,94,KH,44
3,94,KH,45
3,96,KH,46
3,96,KH,47
3,96,KH,49
3,98,KH,50
3,98,KH,51
3,98,KH,52
3,100,KH,53
3,100,KH,54
3,100,KH,55
3,102,KH,56
3,102,KH,57
3,104,KH,58
3,104,KH,59
3,106,KH,60
3,106,KH,61
3,108,KH,62
3,108,KH,63
3,108,KH,64
3,110,KH,65
3,110,KH,66
3,110,KH,67
3,112,KH,68
3,112,KH,69
3,112,KH,70
3,114,KH,72
3,114,KH,73
3,116,KH,74
3,116,KH,75
3,116,KH,76
3,118,KH,77
3,118,KH,78
3,118,KH,79
3,120,KH,80
3,120,KH,81
3,120,KH,82
3,122,KH,83
3,122,KH,84
3,122,KH,85
3,124,KH,86
3,124,KH,87
3,129,KHWA,1001
3,128,KHWA,1001
3,128,KHWA,1002
3,129,KHWA,1003
3,129,KHWA,1004
3,129,KHWA,1005
3,130,KHWA,1006
3,130,KHWA,1007
3,130,KHWA,1008
3,131,KHWA,1009
3,131,KHWA,1010
3,131,KHWA,1011
3,132,KHWA,1012
3,132,KHWA,1013
3,133,KHWA,1014
3,133,KHWA,1015
3,134,KHWA,1016
3,133,KHWA,1017
3,134,KHWA,1018
3,134,KHWA,1019
3,134,KHWA,1020
3,138,KHWC,2001
3,138,KHWC,2002
3,138,KHWC,2003
3,139,KHWC,2004
3,139,KHWC,2005
3,140,KHWC,2006
3,140,KHWC,2007
3,140,KHWC,2008
3,141,KHWC,2009
3,141,KHWC,2010
3,142,KHWC,2011
3,142,KHWC,2012
3,142,KHWC,2013
3,143,KHWC,2014
3,143,KHWC,2015
3,143,KHWC,2016
3,144,KHWC,2017
3,144,KHWC,2018
3,145,KHWC,2019
3,145,KHWC,2020
3,146,KHWC,2021
3,146,KHWC,2022
3,146,KHWC,2023
3,147,KHWC,2024
3,147,KHWC,2025
3,148,KHWC,2026
3,148,KHWC,2027
3,148,KHWC,2028
3,149,KHWC,2029
3,149,KHWC,2030
3,150,KHWC,2031
3,150,KHWC,2032
3,151,KHWC,2033
3,151,KHWC,2034
3,151,KHWC,2035
3,152,KHWC,2036
3,152,KHWC,2037
3,152,KHWC,2038
3,153,KHWC,2039
3,153,KHWC,2040
3,153,KHWC,2041
3,153,KHWC,2042
3,154,KHWC,2043
3,154,KHWC,2044
3,154,KHWC,2045
3,155,KHWC,2046
3,155,KHWC,2047
